{
    "bumbling-bush-92": {
        "gains": {
            "persona_0": 10.0,
            "persona_1": 8.0,
            "persona_2": 10.0,
            "persona_3": 10.0,
            "persona_4": 62.0
        },
        "survival_time": 1,
        "efficiency": 16.666666666666664,
        "equality": 56.800000000000004,
        "over_usage": 20.0
    },
    "dashing-aardvark-93": {
        "gains": {
            "persona_0": 10.0,
            "persona_1": 8.0,
            "persona_2": 10.0,
            "persona_3": 10.0,
            "persona_4": 62.0
        },
        "survival_time": 1,
        "efficiency": 16.666666666666664,
        "equality": 56.800000000000004,
        "over_usage": 20.0
    },
    "sage-firefly-94": {
        "gains": {
            "persona_0": 32.0,
            "persona_1": 37.0,
            "persona_2": 28.0,
            "persona_3": 35.0,
            "persona_4": 42.0
        },
        "survival_time": 4,
        "efficiency": 29.000000000000004,
        "equality": 92.41379310344827,
        "over_usage": 45.0
    },
    "proud-pond-95": {
        "gains": {
            "persona_0": 39.0,
            "persona_1": 8.0,
            "persona_2": 10.0,
            "persona_3": 10.0,
            "persona_4": 33.0
        },
        "survival_time": 1,
        "efficiency": 16.666666666666664,
        "equality": 65.99999999999999,
        "over_usage": 40.0
    },
    "kind-wave-96": {
        "gains": {
            "persona_0": 72.0,
            "persona_1": 8.0,
            "persona_2": 0.0,
            "persona_3": 10.0,
            "persona_4": 10.0
        },
        "survival_time": 1,
        "efficiency": 16.666666666666664,
        "equality": 41.6,
        "over_usage": 20.0
    },
    "general": {
        "survival_rate": 0.0,
        "mean_survival": 1.6,
        "std_survival": 1.2000000000000002,
        "moe_confidence_survival": 1.6658670631186792,
        "mean_gains": 22.96,
        "std_gains": 5.919999999999999,
        "moe_confidence_gains": 8.218277511385484,
        "mean_efficiency": 19.133333333333333,
        "std_efficiency": 4.933333333333336,
        "moe_confidence_efficiency": 6.848564592821241,
        "mean_equality": 62.72275862068966,
        "std_equality": 16.784677005057034,
        "moe_confidence_equality": 23.30086715650832,
        "mean_over_usage": 29.0,
        "std_over_usage": 11.135528725660043,
        "moe_confidence_over_usage": 15.458592112074154
    }
}