{
    "astral-sun-835": {
        "gains": {
            "persona_0": 120.0,
            "persona_1": 120.0,
            "persona_2": 120.0,
            "persona_3": 120.0,
            "persona_4": 120.0
        },
        "survival_time": 12,
        "efficiency": 100.0,
        "equality": 100.0,
        "over_usage": 0.0
    },
    "wobbly-dragon-833": {
        "gains": {
            "persona_0": 33.0,
            "persona_1": 23.0,
            "persona_2": 23.0,
            "persona_3": 29.0,
            "persona_4": 23.0
        },
        "survival_time": 2,
        "efficiency": 21.83333333333334,
        "equality": 92.06106870229007,
        "over_usage": 70.0
    },
    "chocolate-cherry-832": {
        "gains": {
            "persona_0": 21.0,
            "persona_1": 25.0,
            "persona_2": 21.0,
            "persona_3": 21.0,
            "persona_4": 61.0
        },
        "survival_time": 12,
        "efficiency": 24.83333333333333,
        "equality": 77.4496644295302,
        "over_usage": 3.3333333333333335
    },
    "comic-gorge-831": {
        "gains": {
            "persona_0": 40.0,
            "persona_1": 81.0,
            "persona_2": 58.0,
            "persona_3": 72.0,
            "persona_4": 58.0
        },
        "survival_time": 9,
        "efficiency": 51.5,
        "equality": 87.57281553398059,
        "over_usage": 31.11111111111111
    },
    "leafy-plant-834": {
        "gains": {
            "persona_0": 39.0,
            "persona_1": 20.0,
            "persona_2": 31.0,
            "persona_3": 20.0,
            "persona_4": 20.0
        },
        "survival_time": 2,
        "efficiency": 21.666666666666668,
        "equality": 84.92307692307692,
        "over_usage": 70.0
    },
    "general": {
        "survival_rate": 40.0,
        "mean_survival": 7.4,
        "std_survival": 4.5431266766402185,
        "moe_confidence_survival": 6.306870911825639,
        "mean_gains": 52.760000000000005,
        "std_gains": 36.198430905220185,
        "moe_confidence_gains": 50.25147815131965,
        "mean_efficiency": 43.96666666666667,
        "std_efficiency": 30.165359087683488,
        "moe_confidence_efficiency": 41.876231792766376,
        "mean_equality": 88.40132511777556,
        "std_equality": 7.491948913236962,
        "moe_confidence_equality": 10.400492444274366,
        "mean_over_usage": 34.88888888888889,
        "std_over_usage": 30.63605557565412,
        "moe_confidence_over_usage": 42.529663272796306
    }
}