{
    "snowy-capybara-889": {
        "gains": {
            "persona_0": 31.0,
            "persona_1": 31.0,
            "persona_2": 39.0,
            "persona_3": 35.0,
            "persona_4": 31.0
        },
        "survival_time": 3,
        "efficiency": 27.833333333333332,
        "equality": 95.20958083832335,
        "over_usage": 80.0
    },
    "frosty-gorge-888": {
        "gains": {
            "persona_0": 36.0,
            "persona_1": 22.0,
            "persona_2": 30.0,
            "persona_3": 20.0,
            "persona_4": 32.0
        },
        "survival_time": 2,
        "efficiency": 23.33333333333333,
        "equality": 88.0,
        "over_usage": 80.0
    },
    "worldly-cloud-887": {
        "gains": {
            "persona_0": 78.0,
            "persona_1": 64.0,
            "persona_2": 85.0,
            "persona_3": 62.0,
            "persona_4": 66.0
        },
        "survival_time": 12,
        "efficiency": 59.166666666666664,
        "equality": 93.2394366197183,
        "over_usage": 8.333333333333332
    },
    "major-vortex-891": {
        "gains": {
            "persona_0": 21.0,
            "persona_1": 27.0,
            "persona_2": 23.0,
            "persona_3": 22.0,
            "persona_4": 32.0
        },
        "survival_time": 2,
        "efficiency": 20.833333333333336,
        "equality": 91.36,
        "over_usage": 90.0
    },
    "gallant-durian-886": {
        "gains": {
            "persona_0": 28.0,
            "persona_1": 26.0,
            "persona_2": 29.0,
            "persona_3": 28.0,
            "persona_4": 21.0
        },
        "survival_time": 3,
        "efficiency": 21.999999999999996,
        "equality": 94.54545454545455,
        "over_usage": 93.33333333333333
    },
    "general": {
        "survival_rate": 20.0,
        "mean_survival": 4.4,
        "std_survival": 3.826225293941799,
        "moe_confidence_survival": 5.311652244374358,
        "mean_gains": 36.760000000000005,
        "std_gains": 17.35529890264066,
        "moe_confidence_gains": 24.09301734374069,
        "mean_efficiency": 30.633333333333333,
        "std_efficiency": 14.462749085533881,
        "moe_confidence_efficiency": 20.077514453117242,
        "mean_equality": 92.47089440069925,
        "std_equality": 2.5929845141055847,
        "moe_confidence_equality": 3.599639581021071,
        "mean_over_usage": 70.33333333333334,
        "std_over_usage": 31.453669632227864,
        "moe_confidence_over_usage": 43.66469354545385
    }
}