{
    "cerulean-silence-672": {
        "gains": {
            "persona_0": 120.0,
            "persona_1": 120.0,
            "persona_2": 120.0,
            "persona_3": 120.0,
            "persona_4": 120.0
        },
        "survival_time": 12,
        "efficiency": 100.0,
        "equality": 100.0,
        "over_usage": 0.0
    },
    "golden-snowflake-675": {
        "gains": {
            "persona_0": 110.0,
            "persona_1": 110.0,
            "persona_2": 120.0,
            "persona_3": 120.0,
            "persona_4": 120.0
        },
        "survival_time": 12,
        "efficiency": 96.66666666666667,
        "equality": 97.93103448275862,
        "over_usage": 0.0
    },
    "gentle-dragon-673": {
        "gains": {
            "persona_0": 120.0,
            "persona_1": 120.0,
            "persona_2": 110.0,
            "persona_3": 120.0,
            "persona_4": 120.0
        },
        "survival_time": 12,
        "efficiency": 98.33333333333333,
        "equality": 98.64406779661017,
        "over_usage": 0.0
    },
    "avid-dew-674": {
        "gains": {
            "persona_0": 120.0,
            "persona_1": 110.0,
            "persona_2": 110.0,
            "persona_3": 120.0,
            "persona_4": 120.0
        },
        "survival_time": 12,
        "efficiency": 96.66666666666667,
        "equality": 97.93103448275862,
        "over_usage": 0.0
    },
    "efficient-smoke-677": {
        "gains": {
            "persona_0": 120.0,
            "persona_1": 110.0,
            "persona_2": 120.0,
            "persona_3": 120.0,
            "persona_4": 120.0
        },
        "survival_time": 12,
        "efficiency": 98.33333333333333,
        "equality": 98.64406779661017,
        "over_usage": 0.0
    },
    "general": {
        "survival_rate": 100.0,
        "mean_survival": 12.0,
        "std_survival": 0.0,
        "moe_confidence_survival": 0.0,
        "mean_gains": 117.6,
        "std_gains": 1.4966629547095764,
        "moe_confidence_gains": 2.0777012673671393,
        "mean_efficiency": 98.0,
        "std_efficiency": 1.2472191289246446,
        "moe_confidence_efficiency": 1.731417722805946,
        "mean_equality": 98.6300409117475,
        "std_equality": 0.7555661964406688,
        "moe_confidence_equality": 1.0488940338803068,
        "mean_over_usage": 0.0,
        "std_over_usage": 0.0,
        "moe_confidence_over_usage": 0.0
    }
}