{
    "wise-meadow-127": {
        "gains": {
            "persona_0": 36.0,
            "persona_1": 18.0,
            "persona_2": 15.0,
            "persona_3": 11.0,
            "persona_4": 33.0
        },
        "survival_time": 2,
        "efficiency": 18.833333333333336,
        "equality": 75.929203539823,
        "over_usage": 70.0
    },
    "ethereal-cloud-129": {
        "gains": {
            "persona_0": 10.0,
            "persona_1": 45.0,
            "persona_2": 10.0,
            "persona_3": 10.0,
            "persona_4": 25.0
        },
        "survival_time": 1,
        "efficiency": 16.666666666666664,
        "equality": 65.99999999999999,
        "over_usage": 40.0
    },
    "upbeat-cherry-128": {
        "gains": {
            "persona_0": 10.0,
            "persona_1": 39.0,
            "persona_2": 21.0,
            "persona_3": 20.0,
            "persona_4": 10.0
        },
        "survival_time": 1,
        "efficiency": 16.666666666666664,
        "equality": 72.39999999999999,
        "over_usage": 60.0
    },
    "super-elevator-131": {
        "gains": {
            "persona_0": 31.0,
            "persona_1": 39.0,
            "persona_2": 10.0,
            "persona_3": 10.0,
            "persona_4": 10.0
        },
        "survival_time": 1,
        "efficiency": 16.666666666666664,
        "equality": 68.39999999999999,
        "over_usage": 40.0
    },
    "skilled-donkey-130": {
        "gains": {
            "persona_0": 10.0,
            "persona_1": 31.0,
            "persona_2": 10.0,
            "persona_3": 45.0,
            "persona_4": 28.0
        },
        "survival_time": 2,
        "efficiency": 20.666666666666668,
        "equality": 70.64516129032259,
        "over_usage": 50.0
    },
    "general": {
        "survival_rate": 0.0,
        "mean_survival": 1.4,
        "std_survival": 0.4898979485566356,
        "moe_confidence_survival": 0.6800873806582569,
        "mean_gains": 21.479999999999997,
        "std_gains": 1.941545775921856,
        "moe_confidence_gains": 2.6952976330378497,
        "mean_efficiency": 17.9,
        "std_efficiency": 1.6179548132682147,
        "moe_confidence_efficiency": 2.2460813608648764,
        "mean_equality": 70.6748729660291,
        "std_equality": 3.394537379549556,
        "moe_confidence_equality": 4.712373345930663,
        "mean_over_usage": 52.0,
        "std_over_usage": 11.661903789690601,
        "moe_confidence_over_usage": 16.189317847087064
    }
}