{
    "fresh-star-1152": {
        "gains": {
            "persona_0": 86.0,
            "persona_1": 70.0,
            "persona_2": 70.0,
            "persona_3": 30.0,
            "persona_4": 75.0
        },
        "survival_time": 12,
        "efficiency": 55.16666666666667,
        "equality": 85.86102719033232,
        "over_usage": 21.666666666666668
    },
    "silvery-oath-1142": {
        "gains": {
            "persona_0": 85.0,
            "persona_1": 60.0,
            "persona_2": 96.0,
            "persona_3": 90.0,
            "persona_4": 85.0
        },
        "survival_time": 12,
        "efficiency": 69.33333333333334,
        "equality": 92.59615384615385,
        "over_usage": 15.0
    },
    "fluent-pine-1138": {
        "gains": {
            "persona_0": 90.0,
            "persona_1": 110.0,
            "persona_2": 110.0,
            "persona_3": 90.0,
            "persona_4": 80.0
        },
        "survival_time": 12,
        "efficiency": 80.0,
        "equality": 93.33333333333333,
        "over_usage": 0.0
    },
    "vague-glade-1155": {
        "gains": {
            "persona_0": 70.0,
            "persona_1": 90.0,
            "persona_2": 90.0,
            "persona_3": 100.0,
            "persona_4": 60.0
        },
        "survival_time": 12,
        "efficiency": 68.33333333333333,
        "equality": 90.2439024390244,
        "over_usage": 0.0
    },
    "fancy-disco-1148": {
        "gains": {
            "persona_0": 100.0,
            "persona_1": 90.0,
            "persona_2": 40.0,
            "persona_3": 100.0,
            "persona_4": 140.0
        },
        "survival_time": 12,
        "efficiency": 78.33333333333333,
        "equality": 82.12765957446808,
        "over_usage": 28.333333333333332
    },
    "general": {
        "survival_rate": 100.0,
        "mean_survival": 12.0,
        "std_survival": 0.0,
        "moe_confidence_survival": 0.0,
        "mean_gains": 84.28,
        "std_gains": 10.630973614867077,
        "moe_confidence_gains": 14.758157328242323,
        "mean_efficiency": 70.23333333333332,
        "std_efficiency": 8.859144679055897,
        "moe_confidence_efficiency": 12.298464440201931,
        "mean_equality": 88.83241527666239,
        "std_equality": 4.247332894124223,
        "moe_confidence_equality": 5.8962433120184,
        "mean_over_usage": 13.0,
        "std_over_usage": 11.421227799341208,
        "moe_confidence_over_usage": 15.855206009414962
    }
}