{
    "wise-disco-504": {
        "gains": {
            "persona_0": 25.0,
            "persona_1": 37.0,
            "persona_2": 10.0,
            "persona_3": 8.0,
            "persona_4": 20.0
        },
        "survival_time": 1,
        "efficiency": 16.666666666666664,
        "equality": 70.8,
        "over_usage": 60.0
    },
    "dandy-energy-505": {
        "gains": {
            "persona_0": 20.0,
            "persona_1": 42.0,
            "persona_2": 10.0,
            "persona_3": 8.0,
            "persona_4": 20.0
        },
        "survival_time": 1,
        "efficiency": 16.666666666666664,
        "equality": 68.8,
        "over_usage": 60.0
    },
    "twilight-snowball-508": {
        "gains": {
            "persona_0": 20.0,
            "persona_1": 40.0,
            "persona_2": 10.0,
            "persona_3": 10.0,
            "persona_4": 20.0
        },
        "survival_time": 1,
        "efficiency": 16.666666666666664,
        "equality": 72.0,
        "over_usage": 60.0
    },
    "logical-puddle-506": {
        "gains": {
            "persona_0": 25.0,
            "persona_1": 37.0,
            "persona_2": 10.0,
            "persona_3": 8.0,
            "persona_4": 20.0
        },
        "survival_time": 1,
        "efficiency": 16.666666666666664,
        "equality": 70.8,
        "over_usage": 60.0
    },
    "tough-plasma-507": {
        "gains": {
            "persona_0": 37.0,
            "persona_1": 19.0,
            "persona_2": 17.0,
            "persona_3": 20.0,
            "persona_4": 32.0
        },
        "survival_time": 2,
        "efficiency": 20.833333333333336,
        "equality": 83.04,
        "over_usage": 70.0
    },
    "general": {
        "survival_rate": 0.0,
        "mean_survival": 1.2,
        "std_survival": 0.4,
        "moe_confidence_survival": 0.5552890210395597,
        "mean_gains": 21.0,
        "std_gains": 2.0,
        "moe_confidence_gains": 2.7764451051977987,
        "mean_efficiency": 17.5,
        "std_efficiency": 1.6666666666666687,
        "moe_confidence_efficiency": 2.3137042543315016,
        "mean_equality": 73.088,
        "std_equality": 5.081001476087173,
        "moe_confidence_equality": 7.053560838892511,
        "mean_over_usage": 62.0,
        "std_over_usage": 4.0,
        "moe_confidence_over_usage": 5.5528902103955975
    }
}