{
    "northern-terrain-47": {
        "gains": {
            "persona_0": 72.0,
            "persona_1": 81.0,
            "persona_2": 62.0,
            "persona_3": 43.0,
            "persona_4": 61.0
        },
        "survival_time": 12,
        "efficiency": 53.16666666666667,
        "equality": 89.0909090909091,
        "over_usage": 6.666666666666667
    },
    "eternal-hill-61": {
        "gains": {
            "persona_0": 90.0,
            "persona_1": 67.0,
            "persona_2": 73.0,
            "persona_3": 90.0,
            "persona_4": 82.0
        },
        "survival_time": 12,
        "efficiency": 67.0,
        "equality": 93.73134328358209,
        "over_usage": 6.666666666666667
    },
    "legendary-fire-65": {
        "gains": {
            "persona_0": 83.0,
            "persona_1": 80.0,
            "persona_2": 78.0,
            "persona_3": 102.0,
            "persona_4": 78.0
        },
        "survival_time": 8,
        "efficiency": 70.16666666666667,
        "equality": 94.96437054631829,
        "over_usage": 30.0
    },
    "dashing-bush-63": {
        "gains": {
            "persona_0": 37.0,
            "persona_1": 57.0,
            "persona_2": 117.0,
            "persona_3": 50.0,
            "persona_4": 32.0
        },
        "survival_time": 8,
        "efficiency": 48.83333333333333,
        "equality": 74.06143344709898,
        "over_usage": 10.0
    },
    "giddy-water-64": {
        "gains": {
            "persona_0": 39.0,
            "persona_1": 64.0,
            "persona_2": 66.0,
            "persona_3": 48.0,
            "persona_4": 55.0
        },
        "survival_time": 12,
        "efficiency": 45.333333333333336,
        "equality": 89.70588235294117,
        "over_usage": 3.3333333333333335
    },
    "general": {
        "survival_rate": 60.0,
        "mean_survival": 10.4,
        "std_survival": 1.9595917942265424,
        "moe_confidence_survival": 2.7203495226330277,
        "mean_gains": 68.28,
        "std_gains": 11.88922200987096,
        "moe_confidence_gains": 16.504886126958077,
        "mean_efficiency": 56.9,
        "std_efficiency": 9.9076850082258,
        "moe_confidence_efficiency": 13.754071772465066,
        "mean_equality": 88.31078774416991,
        "std_equality": 7.473306666093817,
        "moe_confidence_equality": 10.37461285635913,
        "mean_over_usage": 11.333333333333334,
        "std_over_usage": 9.56846672960488,
        "moe_confidence_over_usage": 13.283161307829733
    }
}